,,,,,,,,,,,,,
,,,,,,,,,,,,,
,,,,Quarks,Up,Charm,Top,Photon,Force Carriers,,,,
,,,,,Down,Strange,Bottom,Glun,,,,,
,,,,Leptons,Neutrno Electorn,Neutrno Muon,Neutrno Tau,Z Boson,,,,,
,,,,,Electorn,Muon,Tau,W Boson,,,,,
,,,,,,,,,,,,,
,,,,,,,,,,,,,
,,,,,Quarks,Leptons,Force Carriers,1 Matter,2 Matter,3 Matter,Neutrno Group,Up Quark Neutrno Group,Down Quark Neutrno Group
,,,,Up Quark,Quarks,,,1 Matter,,,,Up Quark Neutrno Group,
,,,,Down Quark,Quarks,,,1 Matter,,,,,Down Quark Neutrno Group
,,,,Charm Quark,Quarks,,,,2 Matter,,,Up Quark Neutrno Group,
,,,,Strange Quark,Quarks,,,,2 Matter,,,,Down Quark Neutrno Group
,,,,Top Quark,Quarks,,,,,3 Matter,,Up Quark Neutrno Group,
,,,,Bottom Quark,Quarks,,,,,3 Matter,,,Down Quark Neutrno Group
,,,,Neutrno Electorn,,Leptons,,1 Matter,,,Neutrno Group,,
,,,,Neutrno Muon,,Leptons,,,2 Matter,,Neutrno Group,,
,,,,Neutrno Tau,,Leptons,,,,3 Matter,Neutrno Group,,
,,,,Electorn,,Leptons,,1 Matter,,,Electron Group,,
,,,,Muon,,Leptons,,,2 Matter,,Electron Group,,
,,,,Tau,,Leptons,,,,3 Matter,Electron Group,,
,,,,Photon,,,Force Carriers,,,,,,
,,,,Glun,,,Force Carriers,,,,,,
,,,,Z Boson,,,Force Carriers,,,,,,
,,,,W Boson,,,Force Carriers,,,,,,
,,,,,,,,,,,,,
,,,,,,,,,,,,,
,,,,,,,,,,,,,
,,,,,,,,,,,,,
,,,,,,,,,,,,,
,,,,,,,,,,,,,
,,,,,,,,,_+1,90,,,
,,I,,,,,,,,,,,
,I,,I,,,,,,,,,,
,,I,,,,,,,,,,,
,,,,,,,,,,,,,
,,,,,,,,,,,,,
,,I,,,,,,,,,,,
,0,,0,,,,,,,,,,
,,0,,,,,,,,,,,
